path,id
types/api_interface.ContractResult.html,tB_tm8XqFMbLeKak_Okqcwmsr9Cldn_OH8wcJy-G73U
types/common_warp.PermissionType.html,bwxfW2BFoQICmmJULAciIYUWCts0C9ToXZItVMRvhPY
types/api_quasi_atomic_fact_market.Use.html,3sW-mXvwLWQ8LH5L1y1Pq5wbeqtIp_Dr-TgYbF6SOrU
types/api_atomic_fact_market.Use.html,76H8Co-fB_1RH_BqPaGwEYNMfrUF8iJNuEHIaweYAp8
types/api_interact.Tags.html,zj4yfQyxsQ1AyqINv3UZlO7UsEQ3rXGr67NqlKd5wUo
types/api_interface.DmmFunction.html,IDp28-xdOP6CvSpD7QTld8-7B8J7aE7GJVTO9CeS4cY
index.html,-GkRd2Yts8okJHo2fCA24vqGnlIchzDVNpFSzs_Qhmo
.nojekyll,Fu8g5fyBxSG0ii4yh4i0s3Vz-lrt4yc71XLsUzQOoPI
modules.html,QHUf2TWa8_Q2hAZWBHJ_zlwqCDz9C5VSrSwxvA6jhnI
variables/helpers_get_pf_version.FACTS_KIT_VERSION.html,_9m2YfC81Q8vRUGWMwXS4OVybZ46UBdxtSL6BQvCeY0
variables/helpers_get_pf_tags.FACT_MARKET_SRC.html,SmGYH3KVsCFX1ZSCxywfEQ7OQ2qtemqLfXwXCLmbl2U
variables/api_interface.initialState.html,NlecL7eqG7Hjysy5AH-tGdOpuHLPatMxEya0cXxghX4
functions/public_buy.buy.html,Q1kJ4L3Y14vUBeCKIDfKNn75csHyQRH8zzC_8IkZhE4
functions/api_quasi_atomic_fact_market.attachFactMarket.html,Ys0I8MX4ltafVQH1dmF-6zAqMbCrEE3FFFQ6lcm4liY
functions/common_warp.httpRegister.html,40sem1F2Er3AICRE2g5pUzIVtLHjJupBIoHJbfb7Fa4
functions/helpers_check_tag.checkTag.html,fICNUsdW0OnG41OvGCYRUr9kEs0KIOfoIYkSieAtnR8
functions/helpers_get_pf_tags.getPermafactsTags.html,wBDi9rM5xsBxaM6YYgzd0aMUAUx0fhQ5NXBH5bjsehc
functions/helpers_get_ans110_tags.getAns110Tags.html,8fakAXeRhTJDOhqmgkL3hUSY9ePKJOAVkzIMOqt-_Gc
functions/common_warp.register.html,cdLxnPAOFYpqytdX8ALgwJL-LvHYsBXywPWAeZbjWOU
functions/public_attach.attach.html,v_UIEic6QgzrEUhtrl91xhQixbI1W1o8r3BWMU2A9-E
functions/mock_setup_warp.setupWarp.html,lfBmyEqnw8IOk4kEhnCx3LL3WlVYxwXIloGT1B4q4zo
functions/common_warp.connect.html,oZTKrvuUXWOQFYucfO0XWflACzWEphhhJGkRsS8fhNs
functions/common_bundlr.getBundlrClient.html,zghTwLTy4-7jwSpI8sWysgL68qYnPd73Cged0Sq_usM
functions/public_assert.assert.html,_6BimtmW0ANvOp3jvUwCzpaqFTqd70AfzXe5wuwmzy8
functions/mock_setup_arweave_wallet.setupArweaveWallet.html,oX2J4Rk8qeA4i5thTqP_neIi43IzyCsFx0xlLsWljKA
functions/mock_setup_arweave.setupArweave.html,4ZjEzDaBATuXtvdmSw4kN0mYTOpFIISPm3bwsJgBWEw
functions/public_get_assets.getAssets.html,T0yS5HT9MaZbg3yrwSmiHeG2bbudepCmn_HKXGXD72w
functions/helpers_get_smartweave_tags.getSmartweaveTags.html,7uSUQDWtScqd9t0lwCSUnipSQ91sG49XPIKfIBzR3ZI
functions/common_warp.writeInteraction.html,RNZ3KyRPChXAa_436_R6mLnJFhBcX42JwSSNZGqs5WA
functions/public_sell.sell.html,XLg_nD9l6DCDCiSDTqlIiDjRHhneSrL_KbwC7zOQAow
functions/mock_setup_globals.setupGlobals.html,lMrCYIQyW8LXKSwa1MEcsK9SH1KyS4ojWDFVo7Q8UXo
functions/mock_setup_metamask.setupWarp.html,MRdRRToEumWSDRltUG1da7idnPU-Vxu-0bN0vZzsAeM
functions/common_warp.getWarpFactory.html,CT8BB_xDWiAnU9xAt8cCin1zSFN7mDzMhhpIK-esy8E
functions/mock_setup_bundlr.setupBundlr.html,7eDXt-sMWsGue_zfeXVwYrUvZ-rBG3GXHQqiN2-V97E
functions/api_interact.interaction.html,nSj2p0al3RAH3-pA1Kt3Vnqkikjafr5fxW-0k_n_cEk
functions/helpers_get_tx.getTx.html,tYRBugm44mEJOMvYoh7UlB5tIuKpYymsS4_LnocawzY
functions/api_atomic_fact_market.deployAtomicFactMarket.html,fe3yvvP2BwAjB7d3xELXBmQzxc4JAdm4HmCAL_BOxsQ
modules/helpers_get_ans110_tags.html,PcSW5wzh1rxlWp8b_dT1wOLqQ_pBWWHCn89aj7gHf34
functions/common_arweave.getArweave.html,oSjiIsC_k6GFvpAnIOpbYhDQzDaxOGwTmNTvbHsHdMA
modules/public_assert.html,4DsurXtpZ5yJa3DFRGfsnnjg3geaG3cu8o6MaSaghmI
modules/public_get_assets.html,VLBWgf_a-IMnxYfN6mv-9lufPH40TnOfpwEnP18MO60
modules/mock_setup_arweave.html,sQLUn9QCJcAtCcg3E-liF46-2TqMJSffW9hdJ5_t_dU
modules/helpers_check_tag.html,RjdWDzb-slQkGgTPX93Q2HTh7XbbptS_uZlX3OV9uKM
modules/mock_setup_warp.html,x-zoPFmez2Joe9kzflWnPUM30HTIHYfrUtXgSSOCToA
modules/public_sell.html,_Ge-AOf5axISOMXIOCauBqbyVBUh1g1MKRrvbpwYD_Y
modules/public_buy.html,eqQ5aM1Ykk_wIwJ8i7ew49AJYVpxDII-p1nxmRj_SIo
modules/api_interface.html,8o81l0z3CMhkweQMbrZ4Tk1tCMPVByWO_AXHnH2ZdEs
modules/helpers_get_smartweave_tags.html,PDHvuhibs2iM40kxOMNIAabD3R61gp7SmM0qZJOrXdc
modules/api_atomic_fact_market.html,KpLeEfoeHC1seNC0-SIeIoNdofIyaxG45nbwtnpfHqc
modules/helpers_get_pf_tags.html,0p0dj1DXvPDu0j-AspUvfFAeyep__PjC_mSnW4PdWRo
modules/common_bundlr.html,u0VXtph_dRMHrI8uqSSf1vVo4K9syQuJ9K1jWj-5uXE
modules/common_warp.html,4p53ZnE7K3wRu24Z-IzoKhd-dlJSwI6z0RhCrgQl3wQ
modules/helpers_get_tx.html,huBmDlO9Foj9mbEMyn9SEO8o6B7TXKGUUnCklBzfPC4
modules/mock_setup_bundlr.html,McchYxuBS_BROAmwwzeypC_jizyyiJ6k9UHQ0RJxLLw
modules/common_arweave.html,8fcsidxNGH__AIoSDzW877SCU0ks8M0gNP29VKL1DD8
modules/mock_setup_globals.html,gZQ2tRH7n1I1AdQ311qT6U39ywToa7y5QTp3uCzuQKA
modules/mock_setup_metamask.html,Tgc9b8iR7OSX2HC3dgZO5nalYe70LCcwtjAm064u-8Y
modules/helpers_get_pf_version.html,83MtKZswAtCVFt3_Jv79O9wNseEUC7tRsKsvr_kT-cM
modules/api_quasi_atomic_fact_market.html,e4EqYauXDDSI9w7jwZG9WnIdbjGDtmVShzUbhbWxPEE
modules/public_attach.html,yHQuMMxKGlefIwUMyLPN6zHrcP01rn3QmYkr9NTrCPA
assets/75c9471662e97ee24f29.svg,CQ218F9MDlaJ3oW2tlwHpbKC5CcxdUqttoam1mjp7YI
modules/api_interact.html,-0hUG0z5gMykeL8LTD3CgfjUE43ncRa4X9tq1w5H71w
modules/mock_setup_arweave_wallet.html,_dAIEjX4VLKO-n3K6d_re3o2v2unuyx1IpC264IvXlw
assets/highlight.css,9ImfbiLDjXEJD9APbdzMJ7Q7XIH720CF3C3i9lZMVMk
assets/26e93147f10415a0ed4a.svg,_VPpvp9XH7dWnM9Gn_0p-P4czzDG74cWYZwX0l917w8
assets/custom.js,rCybcyJioD6oBrR3cg1de-Iv6oN4za1V43oXWTJVhn0
assets/custom.css,xJMMEQVZIqb43IiZPv3DgpihVT7qt3M58YeATKyV434
assets/db90e4df2373980c497d.svg,PNldwkn5kxuiFECR9gSLf9s-qBN7NthlVLIYdAopn4Q
assets/style.css,7SVvLcLMXDD8J51XQp-WVUMz0ui_el1d8VUQvtgWMes
assets/main.js,3OGU4fE6KLTMZ73DeaRMgB4fCs0s-4jD0WSBVR0UUlI
interfaces/api_interface.SellInput.html,TN0YOS_RqYx7jDb1NfqkHThtVQ893pzLlRl_oxlLQio
assets/search.js,2QLlv6ai8HxqWWHQVTjUCE9Hhp0CMHob7Ooj8m0yamQ
interfaces/api_interface.DmmAction.html,YP8xU0Wu6qhhLMr7gJfM_kK8LQMa2IEhMUZ2B2TIxyQ
interfaces/api_interface.DistributeInput.html,dXEgnEMLOzr37-9Fs2GIBDrLR3iME8ojj1SyXHos5_A
interfaces/api_quasi_atomic_fact_market.DeployFactMarketInput.html,VHNbrPW1OSIaItKQRWNF7IMXZrPN7TT8RYQBg_B4Xj8
interfaces/api_quasi_atomic_fact_market.AttachFactMarketInput.html,duZLrmdYcLvM6uRacEThVL2Xz5WDn4AUXO_agGVDAxg
interfaces/api_interface.EvolveInput.html,bxTvkYM2rBjlTNyiaaWJTvE2-7RnZX5opMZ8VpV32dg
interfaces/api_interface.DmmInput.html,V3mUPA9LJlye0HMnBmZwpEq65LL3WW0EFtQ0WTfWVo0
interfaces/api_interface.SellAction.html,llBC0Np8SJcS2vzJhB3hzpcp6q2N5KZdPllP2i4LEk0
interfaces/api_interface.DistributeAction.html,-A-LSQ1A8yZ1vFMnCCCDUb0r8UVUJM_s8jXN5Q7phXY
interfaces/api_interface.AuthorDistributeInput.html,ASDcEl-9_onEuLzwBkQxBUDZMNE7vtfTPslyGfMmrLY
interfaces/api_interface.EvolveAction.html,o2OjdiPL1vblkoZz4D6DTuEPSb9kH9ZfRXLH2npTfcU
interfaces/api_interface.BuyAction.html,p1b01x8KA9q9x5PJ_syZpwr_bQy5PRK45ho2T6xasls
interfaces/api_interface.BuyInput.html,cZ7OlyP2_OYZBMem8nCeK4h-rmIPtnbu85Fh9pQ-VjQ
interfaces/api_atomic_fact_market.DeployAtomicFactMarketInput.html,fcXsDrFTOUpRjsIFIEBT7SKDtfSeblO5uMUS8o-qINU
interfaces/public_get_assets.AssetsOutput.html,TcsA5xhCD7L3gVWS9nwOL-mGGH_XP72rOT0pyD53Fb0
interfaces/api_interface.AuthorDistributeAction.html,wuC2lp0M8zToZlEUk_mxFtpMBAPOvaxb0LHwMh8Ejsg
interfaces/api_atomic_fact_market.DeployFactMarketInput.html,0vhY3drLNCiE-VIqLXCmwNE10oCmk6FVfEvzK14aBYo
interfaces/api_interface.State.html,p-3TdS7nxr2hAc6_2lboFlMT-xidAzRAXKWKGGV3540
interfaces/api_atomic_fact_market.ANS110Tags.html,acoXJ61RMB-vvEgkLtsGRotXadNkAAt0idE9DsN9wRQ
interfaces/api_interface.Result.html,x6H4InuqE0TaShPZK_zTIOXb7l9KfZsWWB8TqXjgEuI
